-- --------------------------------------------------------
-- Host:                         127.0.0.1
-- Server version:               5.5.57-0ubuntu0.14.04.1 - (Ubuntu)
-- Server OS:                    debian-linux-gnu
-- HeidiSQL Version:             9.4.0.5125
-- --------------------------------------------------------

/*!40101 SET @OLD_CHARACTER_SET_CLIENT=@@CHARACTER_SET_CLIENT */;
/*!40101 SET NAMES utf8 */;
/*!50503 SET NAMES utf8mb4 */;
/*!40014 SET @OLD_FOREIGN_KEY_CHECKS=@@FOREIGN_KEY_CHECKS, FOREIGN_KEY_CHECKS=0 */;
/*!40101 SET @OLD_SQL_MODE=@@SQL_MODE, SQL_MODE='NO_AUTO_VALUE_ON_ZERO' */;


-- Dumping database structure for aloma_go
CREATE DATABASE IF NOT EXISTS `aloma_go` /*!40100 DEFAULT CHARACTER SET latin1 */;
USE `aloma_go`;

-- Dumping structure for table aloma_go.berita
CREATE TABLE IF NOT EXISTS `berita` (
  `id` int(11) NOT NULL AUTO_INCREMENT,
  `judul` varchar(50) DEFAULT NULL,
  `content` text,
  `author` varchar(50) DEFAULT NULL,
  `slug` varchar(50) DEFAULT NULL,
  `tanggal_waktu` datetime DEFAULT NULL,
  `terakhir_diubah` varchar(50) DEFAULT NULL,
  PRIMARY KEY (`id`)
) ENGINE=InnoDB DEFAULT CHARSET=latin1;

-- Dumping data for table aloma_go.berita: ~0 rows (approximately)
/*!40000 ALTER TABLE `berita` DISABLE KEYS */;
/*!40000 ALTER TABLE `berita` ENABLE KEYS */;

-- Dumping structure for table aloma_go.daemons
CREATE TABLE IF NOT EXISTS `daemons` (
  `Start` text NOT NULL,
  `Info` text NOT NULL
) ENGINE=MyISAM DEFAULT CHARSET=utf8;

-- Dumping data for table aloma_go.daemons: 0 rows
/*!40000 ALTER TABLE `daemons` DISABLE KEYS */;
/*!40000 ALTER TABLE `daemons` ENABLE KEYS */;

-- Dumping structure for table aloma_go.gammu
CREATE TABLE IF NOT EXISTS `gammu` (
  `Version` int(11) NOT NULL DEFAULT '0',
  PRIMARY KEY (`Version`)
) ENGINE=MyISAM DEFAULT CHARSET=utf8mb4;

-- Dumping data for table aloma_go.gammu: 1 rows
/*!40000 ALTER TABLE `gammu` DISABLE KEYS */;
INSERT INTO `gammu` (`Version`) VALUES
	(13);
/*!40000 ALTER TABLE `gammu` ENABLE KEYS */;

-- Dumping structure for table aloma_go.inbox
CREATE TABLE IF NOT EXISTS `inbox` (
  `UpdatedInDB` timestamp NOT NULL DEFAULT CURRENT_TIMESTAMP ON UPDATE CURRENT_TIMESTAMP,
  `ReceivingDateTime` timestamp NOT NULL DEFAULT '0000-00-00 00:00:00',
  `Text` text NOT NULL,
  `SenderNumber` varchar(20) NOT NULL DEFAULT '',
  `Coding` enum('Default_No_Compression','Unicode_No_Compression','8bit','Default_Compression','Unicode_Compression') NOT NULL DEFAULT 'Default_No_Compression',
  `UDH` text NOT NULL,
  `SMSCNumber` varchar(20) NOT NULL DEFAULT '',
  `Class` int(11) NOT NULL DEFAULT '-1',
  `TextDecoded` text NOT NULL,
  `ID` int(10) unsigned NOT NULL AUTO_INCREMENT,
  `RecipientID` text NOT NULL,
  `Processed` enum('false','true') NOT NULL DEFAULT 'false',
  PRIMARY KEY (`ID`)
) ENGINE=MyISAM AUTO_INCREMENT=181 DEFAULT CHARSET=utf8mb4;

-- Dumping data for table aloma_go.inbox: 53 rows
/*!40000 ALTER TABLE `inbox` DISABLE KEYS */;
INSERT INTO `inbox` (`UpdatedInDB`, `ReceivingDateTime`, `Text`, `SenderNumber`, `Coding`, `UDH`, `SMSCNumber`, `Class`, `TextDecoded`, `ID`, `RecipientID`, `Processed`) VALUES
	('2017-09-12 12:24:53', '2017-09-12 11:46:34', '004B0065006A007500740061006E002000730065007200750021002000590075006B002000500065007200620061006E00790061006B0020007400720061006E00730061006B00730069006D0075002000260020006D0065006E0061006E0067006B0061006E0020006C00690062007500720061006E0020006B00650020004300680069006E006100200070006500720069006F006400650020004100670074002D004F006B0074002700310037002E00200041006E006400610020006D0065006E006500720069006D0061002000500075006C007300610020006400610072006900200036003200380035003900340031003000320030003400390033002000730065006200650073006100720020005200700037003000300030002E', '168', 'Default_No_Compression', '', '+62818445009', -1, 'Kejutan seru! Yuk Perbanyak transaksimu & menangkan liburan ke China periode Agt-Okt\'17. Anda menerima Pulsa dari 6285941020493 sebesar Rp7000.', 180, 'xl', 'true'),
	('2017-09-12 11:22:05', '2017-09-12 11:21:59', '0057004F004F00570057002100210020004B0061006D00750020006400610070006100740020003100350020006D0065006E006900740020006E0065006C0070006F006E0020006B006500200073006500730061006D0061002000540072006900200064006100720069002000490073006900200055006C0061006E006700200045006E006A006F007900210020004200650072006C0061006B00750020003100200068006100720069002E002000550074006B002000630065006B0020006B0075006F00740061002C0020006B006900720069006D00200053004D00530020006B006500200031003200330020006B006500740069006B00200049004E0046004F0028007300700061007300690029005200500031002E00200049006E0066006F0020003100320033', '3', 'Default_No_Compression', '', '+628964011092', -1, 'WOOWW!! Kamu dapat 15 menit nelpon ke sesama Tri dari Isi Ulang Enjoy! Berlaku 1 hari. Utk cek kuota, kirim SMS ke 123 ketik INFO(spasi)RP1. Info 123', 179, '3', 'true'),
	('2017-09-12 11:21:23', '2017-09-12 11:21:17', '00530065006C0061006D00610074002100200041006E006400610020006D0065006E00640061007000610074006B0061006E00200062006500620061007300200061006B007300650073002000460061006300650062006F006F006B002000730065006C0061006D00610020003300300020006800610072006900200064006100720069002000690073006900200075006C0061006E006700200061006E00640061002E002000440061007000610074006B0061006E002000700061006B006500740020007400650072006200610069006B00200064006900200048006F0074002000530061006C0065002000530065007000740065006D0062006500720020002A003100320033002A003400230020002E00200046003100370031', '3', 'Default_No_Compression', '', '+628964011092', -1, 'Selamat! Anda mendapatkan bebas akses Facebook selama 30 hari dari isi ulang anda. Dapatkan paket terbaik di Hot Sale September *123*4# . F171', 178, '3', 'true'),
	('2017-09-12 11:21:07', '2017-09-12 11:21:01', '004100530049004B00210021004B0061006D007500200064007000740020006B006100720061006B00740065007200200042006F006E007300540072006900200045006D006F0074002000280031003000200070006F0069006E002900200064006100720069002000490073006900200055006C0061006E006700200045006E006A006F0079002100410079006F002000740075006B0061007200200070006F0069006E006E0079006100200064006900200068007400740070003A002F002F0062006F006E0073007400720069002E007400720069002E0063006F002E00690064002000640067006E002000620061006E00790061006B00200076006F0075006300680065007200200026002000700072006F00640075006B0020006D0065006E006100720069006B', '3', 'Default_No_Compression', '', '+628964011092', -1, 'ASIK!!Kamu dpt karakter BonsTri Emot (10 poin) dari Isi Ulang Enjoy!Ayo tukar poinnya di http://bonstri.tri.co.id dgn banyak voucher & produk menarik', 177, '3', 'true'),
	('2017-09-12 11:20:35', '2017-09-12 11:20:29', '004E006F006D006F007200200041006E00640061002000740065006C00610068002000640069006900730069002000520070002E002000350030003000300020006F006C00650068002000430061006B006D0065006E002E00200053004E003A0020003900310032003100310032003000310039003100360036003600370036003100300032002E00200054006500720069006D00610020006B00610073006900680020004000310032002F00300039002000310031003A00320030003A00320038002E00200042004900530041002000490053004900200055004C0041004E0047002000500041004B0045005400200049004E005400520045004E00450054002000640069002000430061006B006D0065006E', '+6281249636999', 'Default_No_Compression', '', '+62811078801', -1, 'Nomor Anda telah diisi Rp. 5000 oleh Cakmen. SN: 912112019166676102. Terima kasih @12/09 11:20:28. BISA ISI ULANG PAKET INTRENET di Cakmen', 176, '3', 'true'),
	('2017-09-12 11:19:05', '2017-09-12 11:19:06', '00440069006D00610073', '+62895399468386', 'Default_No_Compression', '', '+628964011134', -1, 'Dimas', 174, '3', 'true'),
	('2017-09-12 11:20:26', '2017-09-12 11:20:21', '00500065006E00670069007300690061006E0020005200700035003000300030002000730075006B007300650073002E0020004D00610073006100200061006B00740069006600200073002F0064002000300033002F00310032002F0032003000310037002E00200041006B0068006900720020006D006100730061002000740065006E006700670061006E0067002000300032002F00300031002F0032003000310038002E00200048004F0054002000530041004C004500210020006400690020002A003100320033002A00340023002000440061007000610074006B0061006E002000500061006B00650074002000480045004200410054002000680061007200670061002000480045004D00410054', '3Topup', 'Default_No_Compression', '', '+628964011092', -1, 'Pengisian Rp5000 sukses. Masa aktif s/d 03/12/2017. Akhir masa tenggang 02/01/2018. HOT SALE! di *123*4# Dapatkan Paket HEBAT harga HEMAT', 175, '3', 'true'),
	('2017-09-12 11:16:10', '2017-09-12 11:16:23', '006B0072006E002000700075006C00730061002F006C0069006D0069007400200074006900640061006B0020006D0065006E00630075006B007500700069002E0020004400700074006B0061006E00200069006E0066006F0072006D006100730069002000730065007000750074006100720020006B006100720074007500200054007200690020006400690020002A0031003200330023002000610074006100750020007600690061002000610070006C0069006B006100730069002000420049004D0041005400520049', '3', 'Default_No_Compression', '', '+628964011134', -1, 'krn pulsa/limit tidak mencukupi. Dptkan informasi seputar kartu Tri di *123# atau via aplikasi BIMATRI', 173, '3', 'true'),
	('2017-08-30 17:13:01', '2017-08-30 17:12:58', '00500065006C0061006E006700670061006E00200073006500740069006100200049006E0064006F0073006100740020004F006F007200650064006F006F002C0020007400720061006E00730061006B007300690020007400720061006E0073006600650072002000700075006C0073006100200061006E0064006100200067006100670061006C002C00200075006D007500720020006B006100720074007500200061006E006400610020006800610072007500730020006C00650062006900680020006400610072006900200031003800300020006800610072006900200075006E00740075006B0020007400720061006E00730061006B0073006900200069006E0069002E', '151', 'Default_No_Compression', '050003070101', '+62816124', -1, 'Pelanggan setia Indosat Ooredoo, transaksi transfer pulsa anda gagal, umur kartu anda harus lebih dari 180 hari untuk transaksi ini.', 172, 'm3', 'false'),
	('2017-08-30 14:52:48', '2017-08-30 14:45:31', '0041006E006400610020006D0065006E00640061007000610074006B0061006E002000700065006E0061006D0062006100680061006E002000700075006C0073006100200052007000200035003000300030002000640061007200690020006E006F006D006F007200200036003200380032003100340033003400330034003800300038002000740067006C00200032003000310037002D00300038002D00330030002E002000430065006B002000700075006C007300610020006D0065006C0061006C007500690020002A0038003800380023002E00200049006E0066006F002000430053003A0020003100380038', '+6281333662055', 'Default_No_Compression', '', '+6281100000', -1, 'Anda mendapatkan penambahan pulsa Rp 5000 dari nomor 6282143434808 tgl 2017-08-30. Cek pulsa melalui *888#. Info CS: 188', 171, 'telkomsel', 'true'),
	('2017-08-29 15:50:27', '2017-08-29 15:50:23', '00500072006F006D006F002000740065007200620061007200750021002000410079006F002000500065007200620061006E00790061006B0020007400720061006E00730061006B00730069002000260020006D0065006E0061006E0067006B0061006E0020006C00690062007500720061006E002000730065007200750020006B00650020004300680069006E006100200070006500720069006F006400650020004100670074002D004F006B0074002700310037002E00200041006E0064006100200062006500720068006100730069006C00200042006100670069002000500075006C007300610020006B006500200036003200380031003900330039003200390032003600300032002000730065006200650073006100720020005200700032003000300030002E', '168', 'Default_No_Compression', '', '+62818445009', -1, 'Promo terbaru! Ayo Perbanyak transaksi & menangkan liburan seru ke China periode Agt-Okt\'17. Anda berhasil Bagi Pulsa ke 6281939292602 sebesar Rp2000.', 170, 'xl', 'true'),
	('2017-08-29 15:49:25', '2017-08-29 15:49:22', '0041006E0064006100200061006B0061006E00200042006100670069002000500075006C007300610020006B00650020006E006F00200058004C00200036003200380031003900330039003200390032003600300032002E002000730065006200650073006100720020005200700020003200300030003000200026002000640069006B0065006E0061006B0061006E0020006200690061007900610020006B006900720069006D0020007300650062006500730061007200200052007000200031003500300030002E002000420061006C006100730020006400670020006B006500740069006B00200059002000750074006B0020006D0065006C0061006E006A00750074006B0061006E', '168', 'Default_No_Compression', '', '+62818445009', -1, 'Anda akan Bagi Pulsa ke no XL 6281939292602. sebesar Rp 2000 & dikenakan biaya kirim sebesar Rp 1500. Balas dg ketik Y utk melanjutkan', 169, 'xl', 'true'),
	('2017-08-29 15:47:55', '2017-08-29 15:47:51', '004D006100610066002C00200042006100670069002000500075006C0073006100200067006100670061006C002000640069006C0061006B0075006B0061006E002000750074006B0020006E006F006D006F007200200036003200380031003900330039003200390032003600300031002C002000500061007300740069006B0061006E0020006E006F006D006F0072002000740075006A00750061006E0020006D0073006800200061006B007400690066002E00200053006100610074002000620075007400750068002000700075006C0073006100200069006E006700610074002000500075006C007300610020005300690061006700610020006400690020002A0039003100310023', '168', 'Default_No_Compression', '', '+62818445009', -1, 'Maaf, Bagi Pulsa gagal dilakukan utk nomor 6281939292601, Pastikan nomor tujuan msh aktif. Saat butuh pulsa ingat Pulsa Siaga di *911#', 168, 'xl', 'true'),
	('2017-08-29 15:40:34', '2017-08-29 15:40:30', '003000300030002E', '151', 'Default_No_Compression', '050003020202', '+62816124', -1, '000.', 167, 'm3', 'false'),
	('2017-08-29 15:40:34', '2017-08-29 15:40:29', '0054006900640061006B00200061006400610020007400720061006E00730061006B007300690020005400720061006E0073006600650072002000500075006C00730061002000790061006E00670020007000650072006C0075002000640069006B006F006E006600690072006D006100730069002C002000730069006C0061006B0061006E0020006B006500740069006B0020005400520041004E005300460045005200500055004C00530041003C00730070006100730069003E006E006F005F00740075006A00750061006E003C00730070006100730069003E006E006F006D0069006E0061006C002E00200043006F006E0074006F00680020005400520041004E005300460045005200500055004C0053004100200030003800310035003100320033003400350036003700200035', '151', 'Default_No_Compression', '050003020201', '+62816124', -1, 'Tidak ada transaksi Transfer Pulsa yang perlu dikonfirmasi, silakan ketik TRANSFERPULSA<spasi>no_tujuan<spasi>nominal. Contoh TRANSFERPULSA 08151234567 5', 166, 'm3', 'false'),
	('2017-08-29 15:40:25', '2017-08-29 14:16:06', '0054006500720069006D00610020006B006100730069006800200073006400680020006D0065006E006700690073006900200075006C0061006E00670020006B006100720074007500200049004D00330020006B0061006D0075002E002000470075006E0061006B0061006E002000700061006B00650074002000460072006500650064006F006D00200043006F006D0062006F002000750074006B0020006E0065006C0070002C00200053004D00530020005300450050005500410053004E005900410020002600200044004F00550042004C00450020004B0055004F0054004100200069006E007400650072006E006500740061006E0020006D0075006C0061006900200035003900720062002F0062006C006E002E002000540065006C00700020002A003100320033002A0032002300200073006B00720067', 'INDOSAT', 'Default_No_Compression', '', '+628161299102', -1, 'Terima kasih sdh mengisi ulang kartu IM3 kamu. Gunakan paket Freedom Combo utk nelp, SMS SEPUASNYA & DOUBLE KUOTA internetan mulai 59rb/bln. Telp *123*2# skrg', 165, 'm3', 'true'),
	('2017-08-29 15:40:25', '2017-08-29 14:15:48', '003100470042002000630075006D0061002000520070003100300072006200200062007500610074002000730065006D0069006E006700670075002C00200050004C0055005300200042004F004E00550053002000310030003000300020006D0065006E00690074002000640061006E0020003100300030003000200053004D00530020006B0065002000730065006D007500610020006E006F00200049004D0033002000640061006E0020004D0065006E0074006100720069002E0020004B006500740069006B00200057004F0057003100390020006B00650020003900320039002E002000500065006E00610077006100720061006E002000680061006E00790061002000730064002E002000330030002D00300038002D00310037002E', 'Indosat', 'Default_No_Compression', '', '+628161299101', -1, '1GB cuma Rp10rb buat seminggu, PLUS BONUS 1000 menit dan 1000 SMS ke semua no IM3 dan Mentari. Ketik WOW19 ke 929. Penawaran hanya sd. 30-08-17.', 164, 'm3', 'true'),
	('2017-08-29 15:40:24', '2017-08-29 13:46:11', '004E0069006B006D0061007400690020006E0065006C0070006F006E002000640061006E00200053004D005300200055004E004C0049004D00490054004500440020006B006500200073006500730061006D006100200049006E0064006F0073006100740020004F006F007200650064006F006F0020002000200069006E007400650072006E006500740061006E0020007300650070007500610073006E007900610020003300200068006100720069002000640065006E00670061006E002000700061006B00650074002000460072006500650064006F006D0020004D0069006E0069002E0020006B006500740069006B0020002A003100320033002A003800380023', 'INDOSAT', 'Default_No_Compression', '', '+62816124', -1, 'Nikmati nelpon dan SMS UNLIMITED ke sesama Indosat Ooredoo   internetan sepuasnya 3 hari dengan paket Freedom Mini. ketik *123*88#', 163, 'm3', 'true'),
	('2017-08-29 15:40:23', '2017-08-29 13:46:10', '00490073006900200056006F0075006300680065007200200052006500670075006C00610072002000310030004B002000700064002000320039002F00300038002F00310037002000310033003A0034003600200064007200200057006900420069002000430045004C004C002000530055004B005300450053002E0020005400490044003A00300030003900370031003400300030003000300032003600330038003400360038003700310034', 'MOBOINDOSAT', 'Default_No_Compression', '', '+62816124', -1, 'Isi Voucher Regular 10K pd 29/08/17 13:46 dr WiBi CELL SUKSES. TID:00971400002638468714', 162, 'm3', 'true'),
	('2017-08-30 17:13:01', '2017-08-29 14:06:34', '0041006E0064006100200061006B0061006E0020006D0065006E0067006900720069006D006B0061006E002000700075006C00730061002000520070002000350030003000300020006B00650020006E006F006D006F0072002000360032003800310033003300330036003600320030003500350020002800540061007200690066002000520070002000310035003000300029003F002000420061006C006100730020005900410020006A0069006B006100200073006500740075006A0075002E', '858', 'Default_No_Compression', '', '+6281100000', 1, 'Anda akan mengirimkan pulsa Rp 5000 ke nomor 6281333662055 (Tarif Rp 1500)? Balas YA jika setuju.', 161, 'telkomsel', 'true'),
	('2017-08-30 17:13:01', '2017-08-29 14:11:51', '0041006E0064006100200061006B0061006E0020006D0065006E0067006900720069006D006B0061006E002000700075006C00730061002000520070002000350030003000300020006B00650020006E006F006D006F0072002000360032003800310033003300330036003600320030003500350020002800540061007200690066002000520070002000310035003000300029003F002000420061006C006100730020005900410020006A0069006B006100200073006500740075006A0075002E', '858', 'Default_No_Compression', '', '+6281100000', 1, 'Anda akan mengirimkan pulsa Rp 5000 ke nomor 6281333662055 (Tarif Rp 1500)? Balas YA jika setuju.', 160, 'telkomsel', 'true'),
	('2017-08-29 15:36:10', '2017-08-29 14:04:07', '00480061006E006400730065007400200041006E00640061002000740065006C006100680020006D0065006E006500720069006D00610020006B006F006E00660069006700750072006100730069003A0020005700410050002000420072006F007700730069006E00670020004700500052005300200061006E00640020004D004D005300200047005000520053002E0020004A0069006B00610020007400650072006A0061006400690020006B006500730061006C006100680061006E002000730065006700650072006100200068007500620075006E00670069002000430053002E0020002F0058004C0020004100780069006100740061', '9667', 'Default_No_Compression', '', '+62818445009', -1, 'Handset Anda telah menerima konfigurasi: WAP Browsing GPRS and MMS GPRS. Jika terjadi kesalahan segera hubungi CS. /XL Axiata', 159, 'm3', 'true'),
	('2017-08-29 15:36:10', '2017-08-29 13:51:01', '00490073006900200075006C0061006E00670020005200700031003000300030003000200062006500720068006100730069006C002E0020004B006F006400650020007400720061006E00730061006B00730069002000310037003000380030003600310036003100340036003700350031002E002000440061006600740061007200200075006C0061006E00670020006E006F006D006F0072002000410058004900530020006B0061006D0075002000640065006E00670061006E00200066006F0072006D00610074003A00200055004C0041004E00470023004E0049004B0023004E006F004B004B002E00200053004D00530020006B006500200034003400340034', 'AXIS', 'Default_No_Compression', '', '+62818445009', -1, 'Isi ulang Rp10000 berhasil. Kode transaksi 17080616146751. Daftar ulang nomor AXIS kamu dengan format: ULANG#NIK#NoKK. SMS ke 4444', 158, 'm3', 'true'),
	('2017-08-29 15:36:10', '2017-08-29 13:49:28', '00520065006700690073007400720061007300690020007000720061006200610079006100720020006E006F002000700065007200640061006E006100200036003200380033003800350036003100360030003000380033002000730075006B007300650073002E00200044006100740061002000700065006C0061006E006700670061006E002000740065006C00610068002000640069006400610066007400610072006B0061006E00200073006500730075006100690020006900640065006E00740069007400610073002000790061006E006700200041006E006400610020006D006100730075006B006B0061006E002E', '4444', 'Default_No_Compression', '', '+62818445009', -1, 'Registrasi prabayar no perdana 6283856160083 sukses. Data pelanggan telah didaftarkan sesuai identitas yang Anda masukkan.', 157, 'm3', 'true'),
	('2017-08-29 15:36:10', '2017-08-29 14:03:24', '6C2E6E65742E69642F736572766C6574732F6D6D7300018739060349443300010101', '9667', '8bit', '0B05040B8423F00003100707', '+62818445009', 1, '', 156, 'm3', 'true'),
	('2017-08-29 15:36:10', '2017-08-29 14:03:18', '3530000187210685018722060349443100010101C6560187070603584C47505253000101C600015501873606037732000187070603584C47505253000187390603494432000101C60000560187070603584C4D4D53000101C600015501873606037734000187070603584C4D4D53000187340603687474703A2F2F6D6D632E78', '9667', '8bit', '0B05040B8423F00003100706', '+62818445009', 1, '', 155, 'm3', 'true'),
	('2017-08-29 15:36:10', '2017-08-29 14:03:13', '74696F6E5F757365726E616D650001871B06036C6F676963616C5F70726F78795F61757468656E7469636174696F6E5F70617373776F7264000101C65201872F0603706879736963616C5F70726F78795F6964000187170603706879736963616C5F70726F78795F646F6D61696E0001872006033230322E3135322E3234302E', '9667', '8bit', '0B05040B8423F00003100705', '+62818445009', 1, '', 154, 'm3', 'true'),
	('2017-08-29 15:36:10', '2017-08-29 14:02:58', '2E786C2E636F2E69640001C659018719069C01871A060370726F787931757365720001871B060370726F78793170617373776F7264000101C65201872F060370702D310001872006033230322E3135322E3234302E353000018721068501872206034944300001C6530187230603383038300001010101C65101871506034944', '9667', '8bit', '0B05040B8423F00003100703', '+62818445009', 1, '', 152, 'm3', 'true'),
	('2017-08-29 15:36:10', '2017-08-29 14:03:07', '330001870706036C6F676963616C5F70726F78795F6E616D650001871706036C6F676963616C5F70726F78795F646F6D61696E0001871C0603687474703A2F2F6D6D632E786C2E6E65742E69642F736572766C6574732F6D6D730001C659018719069C01871A06036C6F676963616C5F70726F78795F61757468656E74696361', '9667', '8bit', '0B05040B8423F00003100704', '+62818445009', 1, '', 153, 'm3', 'true'),
	('2017-08-29 15:36:10', '2017-08-29 14:02:53', '9A01870D0603786C677072730001870E060370726F786C00010101C65501871106034944310001871006AB0187070603584C4D4D530001870806037777772E786C6D6D732E6E65740001870906890101C651018715060349443200018707060344656661756C742057617020475052530001871C0603687474703A2F2F313233', '9667', '8bit', '0B05040B8423F00003100702', '+62818445009', 1, '', 151, 'm3', 'true'),
	('2017-08-29 15:36:10', '2017-08-29 14:02:48', '1F06311F2FB6918092464234373532374144324643453642464243354545463136453034424342323944463033303544300081EA030B6A00C54503312E310001C65501871106034944300001871006AB018707060344656661756C74205761702047505253000187080603696E7465726E657400018709068901C65A01870C06', '9667', '8bit', '0B05040B8423F00003100701', '+62818445009', 1, '', 150, 'm3', 'true'),
	('2017-08-29 15:36:10', '2017-08-29 13:59:01', '0058004C002000410078006900610074006100200073006500670065007200610020006D0065006E0067006900720069006D006B0061006E0020006B006F006E00660069006700750072006100730069002000730065007400740069006E0067003A0020005700410050002000420072006F007700730069006E00670020004700500052005300200061006E00640020004D004D005300200047005000520053002E0020004D006F0068006F006E00200074006500720069006D00610020006B006F006E00660069006700750072006100730069002000730065007400740069006E006700200062006500720069006B00750074002E002000470075006E0061006B0061006E002000500049004E00200031003100310031', '9667', 'Default_No_Compression', '', '+62818445009', -1, 'XL Axiata segera mengirimkan konfigurasi setting: WAP Browsing GPRS and MMS GPRS. Mohon terima konfigurasi setting berikut. Gunakan PIN 1111', 149, 'm3', 'true'),
	('2017-08-29 15:36:10', '2017-08-29 13:49:29', '00530065006C0061006D0061007400200064006100740061006E0067002000640069002000740061007200690066002000200041005800490053002000470041004F004C002E00200047005200410054004900530020004E0045004C0050004F004E0020006B0065002000730065006D007500610020006E006F006D006F007200200041005800490053002000640061007200690020006A0061006D0020003100320020006D006C006D0020002D0020003500200073006F00720065002000530045005400490041005000200048004100520049002E00200049005200490054002000490054005500200041005800490053002E', 'AXIS', 'Default_No_Compression', '', '+62818445009', -1, 'Selamat datang di tarif  AXIS GAOL. GRATIS NELPON ke semua nomor AXIS dari jam 12 mlm - 5 sore SETIAP HARI. IRIT ITU AXIS.', 148, 'm3', 'true'),
	('2017-08-29 15:36:10', '2017-08-29 13:49:29', '0042004F004E00550053002000320030003000200053004D00530020006B0065002000530045004D005500410020004F00500045005200410054004F005200200073006500680061007200690061006E002000680061006E00790061002000640065006E00670061006E0020006B006900720069006D0020003600200053004D005300210020004E0069006B006D006100740069002000700065006E00610077006100720061006E0020006D0065006E006100720069006B002000410058004900530020006C00610069006E006E00790061002C002000540065006C00700020002A0031003200330023002E00200049005200490054002000490054005500200041005800490053002E00200049006E0066006F0020003800330038', 'AXIS', 'Default_No_Compression', '', '+62818445009', -1, 'BONUS 200 SMS ke SEMUA OPERATOR seharian hanya dengan kirim 6 SMS! Nikmati penawaran menarik AXIS lainnya, Telp *123#. IRIT ITU AXIS. Info 838', 147, 'm3', 'true'),
	('2017-08-29 15:36:10', '2017-08-29 13:49:29', '00530069006C00610068006B0061006E0020006D006100740069006B0061006E00200026002000680069006400750070006B0061006E0020006B0065006D00620061006C006900200048005000200041006E0064006100200075006E00740075006B0020006D0075006C006100690020006D0065006E006700670075006E0061006B0061006E', '9365', 'Default_No_Compression', '', '+62818445009', -1, 'Silahkan matikan & hidupkan kembali HP Anda untuk mulai menggunakan', 146, 'm3', 'true'),
	('2017-08-29 15:36:10', '2017-08-29 13:49:28', '0052006500670069007300740072006100730069002000500072006100620061007900610072002000530075006B007300650073002E00200044006100740061002000700065006C0061006E006700670061006E00200073006500730075006100690020006900640065006E00740069007400610073002000200041006E00640061002000740065006C00610068002000640069006400610066007400610072006B0061006E002E', '4444', 'Default_No_Compression', '', '+62818445009', -1, 'Registrasi Prabayar Sukses. Data pelanggan sesuai identitas  Anda telah didaftarkan.', 145, 'm3', 'true'),
	('2017-08-29 15:36:10', '2017-08-29 13:47:36', '004D0061007500200062006500720062006100670069002000500075006C007300610020006B006500200053006500730061006D0061002000500065006E006700670075006E0061002000540065006C006B006F006D00730065006C003F0020004B006500740069006B0020002A003800350038002A004E006F006D006F007200540075006A00750061006E002A004E006F006D0069006E0061006C005400720061006E007300660065007200230020006C0061006C0075002000740075006E00670067007500200053004D00530020006B006F006E006600690072006D006100730069006E00790061', 'TELKOMSEL', 'Default_No_Compression', '', '+6281100000', 1, 'Mau berbagi Pulsa ke Sesama Pengguna Telkomsel? Ketik *858*NomorTujuan*NominalTransfer# lalu tunggu SMS konfirmasinya', 144, 'telkomsel', 'true'),
	('2017-08-29 15:36:10', '2017-08-29 13:47:36', '004D0061006C0075006B0075002E00200049006E0066006F003A003100380038', 'TELKOMSEL', 'Default_No_Compression', '080701030003780202', '+6281100000', 1, 'Maluku. Info:188', 143, 'telkomsel', 'true'),
	('2017-08-29 15:36:10', '2017-08-29 13:47:36', '0054006500720069006D00610020006B0061007300690068002000740065006C006100680020006D0065006C0061006B0075006B0061006E002000690073006900200075006C0061006E0067002E002000420065006C0069002000500061006B0065007400200043006F006D0062006F0020004D0061006E006900610020003100300030006D006E0074002B003500300053004D0053002B0035004D0042002000640067002000630061007200610020006B006500740069006B00200043004D0020004F004E0020006B006900720069006D0020006B006500200038003900390039002E0020004800610072006700610020006D0075006C00610069002000520070002000320037003500300020006B00650063002E0020005000610070007500610020', 'TELKOMSEL', 'Default_No_Compression', '080701030003780201', '+6281100000', 1, 'Terima kasih telah melakukan isi ulang. Beli Paket Combo Mania 100mnt+50SMS+5MB dg cara ketik CM ON kirim ke 8999. Harga mulai Rp 2750 kec. Papua ', 142, 'telkomsel', 'true'),
	('2017-08-29 15:36:10', '2017-08-29 13:45:27', '004E006F006D006F007200200041006E00640061002000740065006C00610068002000640069006900730069002000640065006E00670061006E0020006E006F006D006F007200200053004E00200037003000380032003900310033003400350032003600380031003700390035003600360030002E', 'MKIOS', 'Default_No_Compression', '', '+6281100000', -1, 'Nomor Anda telah diisi dengan nomor SN 7082913452681795660.', 141, 'telkomsel', 'true'),
	('2017-08-29 15:36:10', '2017-08-29 13:07:17', '00500065006C0061006E006700670061006E00200059005400480020003A000A004200650072006B00610074002000490073006900200055006C0061006E0067002000500075006C00730061000A004E006F002E00530049004D006300610072006400200041006E00640061000A005200650073006D0069002000500065006D0065006E0061006E00670020004B0065002D0032000A00640067006E002000500049004E0020003A002000330034003500370043004E00370039000A005600650072006900660069006B006100730069002000500049004E00200041006E00640061000A00410074006100750020004B006C0069006B0020006400690020003A0020000A0075006E006400690061006E007400730065006C00310037002E0062006C006F006700730070006F0074002E0063006F006D', '+6282293462843', 'Default_No_Compression', '', '+6281100000', -1, 'Pelanggan YTH :\nBerkat Isi Ulang Pulsa\nNo.SIMcard Anda\nResmi Pemenang Ke-2\ndgn PIN : 3457CN79\nVerifikasi PIN Anda\nAtau Klik di : \nundiantsel17.blogspot.com', 140, 'telkomsel', 'true'),
	('2017-08-29 15:36:10', '2017-08-29 05:26:51', '0069006E0076006900740065002000700069006E00200062006100720075002000740065006D0061006E006B0075002000640062003400370030003500350037', '+6285824482854', 'Default_No_Compression', '', '+62816124', -1, 'invite pin baru temanku db470557', 139, 'm3', 'true'),
	('2017-08-29 15:36:10', '2017-08-25 14:56:07', '003100470042002000630075006D0061002000520070003100300072006200200062007500610074002000730065006D0069006E006700670075002C00200050004C0055005300200042004F004E00550053002000310030003000300020006D0065006E00690074002000640061006E0020003100300030003000200053004D00530020006B0065002000730065006D007500610020006E006F00200049004D0033002000640061006E0020004D0065006E0074006100720069002E0020004B006500740069006B00200057004F005700310020006B00650020003900320039002E002000500065006E00610077006100720061006E002000680061006E00790061002000730064002E002000320036002D00300038002D00310037002E', 'Indosat', 'Default_No_Compression', '', '+628161299101', -1, '1GB cuma Rp10rb buat seminggu, PLUS BONUS 1000 menit dan 1000 SMS ke semua no IM3 dan Mentari. Ketik WOW1 ke 929. Penawaran hanya sd. 26-08-17.', 138, 'm3', 'true'),
	('2017-08-30 17:13:01', '2017-08-29 11:05:50', '0041006E0064006100200061006B0061006E0020006D0065006E0067006900720069006D006B0061006E002000700075006C00730061002000520070002000350030003000300020006B00650020006E006F006D006F0072002000360032003800310033003300330036003600320030003500350020002800540061007200690066002000520070002000310035003000300029003F002000420061006C006100730020005900410020006A0069006B006100200073006500740075006A0075002E', '858', 'Default_No_Compression', '', '+6281100000', 1, 'Anda akan mengirimkan pulsa Rp 5000 ke nomor 6281333662055 (Tarif Rp 1500)? Balas YA jika setuju.', 136, 'telkomsel', 'true'),
	('2017-08-29 11:12:19', '2017-08-29 11:06:55', '004D006100610066002C00200053006900730061002000500075006C0073006100200041006E0064006100200074006900640061006B0020006D0065006E00630075006B007500700069002000750074006B0020006D0065006C0061006B0075006B0061006E0020007400720061006E0073006600650072002000700075006C00730061002E00200053006900730061002000700075006C0073006100200073006500740065006C006100680020007400720061006E00730066006500720020006100640061006C0061006800200052007000200035003000300030002E', '858', 'Default_No_Compression', '', '+6281100000', 1, 'Maaf, Sisa Pulsa Anda tidak mencukupi utk melakukan transfer pulsa. Sisa pulsa setelah transfer adalah Rp 5000.', 137, 'telkomsel', 'false'),
	('2017-08-29 11:02:39', '2017-08-29 10:57:15', '004D006100610066002C00200041006E00640061002000680061006E0079006100200064007000740020006D0065006E007400720061006E0073006600650072002000700075006C007300610020006D0069006E0069006D0075006D00200052007000200035003000300030002E002000550074006B0020007400720061006E00730061006B0073006900200062006500720069006B00750074006E0079006100200064006C006D0020006B0065006C00690070006100740061006E0020005200700020003100720062002C0020006D006900730020005200700020003600720062002C00200052007000200037007200620020002C00200052007000200038007200620020006400730074002E', '858', 'Default_No_Compression', '', '+6281100000', 1, 'Maaf, Anda hanya dpt mentransfer pulsa minimum Rp 5000. Utk transaksi berikutnya dlm kelipatan Rp 1rb, mis Rp 6rb, Rp 7rb , Rp 8rb dst.', 135, 'telkomsel', 'false'),
	('2017-08-29 15:36:10', '2017-08-29 10:55:16', '004B006900720069006D002000740065007200750073002000680069006E00670067006100200031003300200053004D0053002000620065007200620061007900610072002000640061006E002000640061007000610074006B0061006E0020006800610072006700610020007300700065007300690061006C002000730065006E0069006C00610069002000520070002000320035002000700065007200200053004D005300200075006E00740075006B00200033003000200053004D005300200062006500720069006B00750074006E00790061002E', 'TELKOMSEL', 'Default_No_Compression', '', '+6281100000', 1, 'Kirim terus hingga 13 SMS berbayar dan dapatkan harga spesial senilai Rp 25 per SMS untuk 30 SMS berikutnya.', 134, 'telkomsel', 'true'),
	('2017-08-25 14:38:30', '2017-08-25 14:38:26', '0048006D006D', '+6285941020493', 'Default_No_Compression', '', '+62818445009', -1, 'Hmm', 131, 'telkomsel', 'true'),
	('2017-08-29 15:35:29', '0000-00-00 00:00:00', '', '151', 'Default_No_Compression', '', '+62816124', -1, 'db77 adalah token anda. Anda akan transfer pulsa ke 62xxxxxx sebesar 2000. ketik OK(spasi)<token>, contoh: OK 2121. batal, kirim:No ke 151.', 132, 'm3', 'true'),
	('2017-08-30 17:13:01', '2017-08-29 10:53:40', '0041006E0064006100200061006B0061006E0020006D0065006E0067006900720069006D006B0061006E002000700075006C00730061002000520070002000320030003000300020006B00650020006E006F006D006F0072002000360032003800310033003300330036003600320030003500350020002800540061007200690066002000520070002000310035003000300029003F002000420061006C006100730020005900410020006A0069006B006100200073006500740075006A0075002E', '858', 'Default_No_Compression', '', '+6281100000', 1, 'Anda akan mengirimkan pulsa Rp 2000 ke nomor 6281333662055 (Tarif Rp 1500)? Balas YA jika setuju.', 133, 'telkomsel', 'true'),
	('2017-08-25 14:35:31', '2017-08-25 14:35:15', '004E006F0020002B0036003200380031003500350036003600310037003700340031002000740064006B00200062006500720068006100730069006C00200053004D00530020006B0061006D0075002E0020004A0067006E002000730061006D0070006100690020006B0061006D00750020006D0065006C0065007700610074006B0061006E00200070006500730061006E00200064006100720069006E007900610021002000420061006C00610073002000590041002000640067006E0020006200690061007900610020005200700020003300350030002E00200049006E0066006F003A0020002A003100320033002A0038003800330023', '88331', 'Default_No_Compression', '', '+628161292001', -1, 'No +6281556617741 tdk berhasil SMS kamu. Jgn sampai kamu melewatkan pesan darinya! Balas YA dgn biaya Rp 350. Info: *123*883#', 130, 'm3', 'true'),
	('2017-08-28 14:15:10', '2017-08-25 14:31:08', '00360032003800350038003100350032003600330031003500370020006D0065006E007400720061006E0073006600650072002000700075006C007300610020007300650062006500730061007200200052007000200032003000300030002000740067006C002000320035002D00300038002D00320030003100370020006A0061006D002000310034003A0033003100200028005400720061006E0073002E00490044003D0036003200380035003700330032003600390034003600320038003200350030003800320030003100370031003400330031003000380029002E004D00610073006100200061006B0074006900660020006B006100720074007500200061006E00640061002000730061006D007000610069002000640067002000320034002D00310030002D003200300031', '151', 'Default_No_Compression', '050003080201', '+62816124', -1, '6285815263157 mentransfer pulsa sebesar Rp 2000 tgl 25-08-2017 jam 14:31 (Trans.ID=628573269462825082017143108).Masa aktif kartu anda sampai dg 24-10-201', 128, 'm3', 'true'),
	('2017-08-25 14:31:20', '2017-08-25 14:31:09', '0037002E002000550070006400610074006500200074006500720075007300200053004F0043004D004500440020006B0061006D007500200068007500620020002A003100320033002A0036002A00360023', '151', 'Default_No_Compression', '050003080202', '+62816124', -1, '7. Update terus SOCMED kamu hub *123*6*6#', 129, 'm3', 'true');
/*!40000 ALTER TABLE `inbox` ENABLE KEYS */;

-- Dumping structure for table aloma_go.master_cs_provider
CREATE TABLE IF NOT EXISTS `master_cs_provider` (
  `id` int(11) NOT NULL AUTO_INCREMENT,
  `nomor` varchar(50) DEFAULT NULL,
  `provider` varchar(50) DEFAULT NULL,
  PRIMARY KEY (`id`)
) ENGINE=InnoDB AUTO_INCREMENT=4 DEFAULT CHARSET=latin1;

-- Dumping data for table aloma_go.master_cs_provider: ~3 rows (approximately)
/*!40000 ALTER TABLE `master_cs_provider` DISABLE KEYS */;
INSERT INTO `master_cs_provider` (`id`, `nomor`, `provider`) VALUES
	(1, '858', 'telkomsel'),
	(2, '151', 'm3'),
	(3, '168', 'xl');
/*!40000 ALTER TABLE `master_cs_provider` ENABLE KEYS */;

-- Dumping structure for table aloma_go.master_prefix_provider
CREATE TABLE IF NOT EXISTS `master_prefix_provider` (
  `id` int(11) NOT NULL AUTO_INCREMENT,
  `prefix` varchar(50) DEFAULT NULL,
  `provider` varchar(50) DEFAULT NULL,
  PRIMARY KEY (`id`)
) ENGINE=InnoDB AUTO_INCREMENT=42 DEFAULT CHARSET=latin1;

-- Dumping data for table aloma_go.master_prefix_provider: ~41 rows (approximately)
/*!40000 ALTER TABLE `master_prefix_provider` DISABLE KEYS */;
INSERT INTO `master_prefix_provider` (`id`, `prefix`, `provider`) VALUES
	(1, '0811', 'telkomsel'),
	(2, '0812', 'telkomsel'),
	(3, '0813', 'telkomsel'),
	(4, '0821', 'telkomsel'),
	(5, '0822', 'telkomsel'),
	(6, '0823', 'telkomsel'),
	(7, '0852', 'telkomsel'),
	(8, '0853', 'telkomsel'),
	(9, '0851', 'telkomsel'),
	(10, '0814', 'm3'),
	(11, '0815', 'm3'),
	(12, '0816', 'm3'),
	(13, '0855', 'm3'),
	(14, '0856', 'm3'),
	(15, '0857', 'm3'),
	(16, '0858', 'm3'),
	(17, '0817', 'XL 4G LTE'),
	(18, '0818', 'XL 4G LTE'),
	(19, '0819', 'XL 4G LTE'),
	(20, '0859', 'XL 4G LTE'),
	(21, '0877', 'XL 4G LTE'),
	(22, '0878', 'XL 4G LTE'),
	(23, '0895', 'three'),
	(24, '0896', 'three'),
	(25, '0897', 'three'),
	(26, '0898', 'three'),
	(27, '0899', 'three'),
	(28, '0838', 'XL 4G AXIATA'),
	(29, '0831', 'XL 4G AXIATA'),
	(30, '0832', 'XL 4G AXIATA'),
	(31, '0833', 'XL 4G AXIATA'),
	(32, '0828', 'ceria'),
	(33, '0881', 'smart'),
	(34, '0882', 'smart'),
	(35, '0883', 'smart'),
	(36, '0884', 'smart'),
	(37, '0885', 'smart'),
	(38, '0886', 'smart'),
	(39, '0887', 'smart'),
	(40, '0888', 'smart'),
	(41, '0889', 'smart');
/*!40000 ALTER TABLE `master_prefix_provider` ENABLE KEYS */;

-- Dumping structure for table aloma_go.m_tools
CREATE TABLE IF NOT EXISTS `m_tools` (
  `id` int(11) NOT NULL AUTO_INCREMENT,
  `key` varchar(50) DEFAULT NULL,
  `value` varchar(50) DEFAULT NULL,
  PRIMARY KEY (`id`)
) ENGINE=InnoDB AUTO_INCREMENT=2 DEFAULT CHARSET=latin1;

-- Dumping data for table aloma_go.m_tools: ~1 rows (approximately)
/*!40000 ALTER TABLE `m_tools` DISABLE KEYS */;
INSERT INTO `m_tools` (`id`, `key`, `value`) VALUES
	(1, 'jasa', '500');
/*!40000 ALTER TABLE `m_tools` ENABLE KEYS */;

-- Dumping structure for table aloma_go.outbox
CREATE TABLE IF NOT EXISTS `outbox` (
  `UpdatedInDB` timestamp NOT NULL DEFAULT CURRENT_TIMESTAMP ON UPDATE CURRENT_TIMESTAMP,
  `InsertIntoDB` timestamp NOT NULL DEFAULT '0000-00-00 00:00:00',
  `SendingDateTime` timestamp NOT NULL DEFAULT '0000-00-00 00:00:00',
  `SendBefore` time NOT NULL DEFAULT '23:59:59',
  `SendAfter` time NOT NULL DEFAULT '00:00:00',
  `Text` text,
  `DestinationNumber` varchar(20) NOT NULL DEFAULT '',
  `Coding` enum('Default_No_Compression','Unicode_No_Compression','8bit','Default_Compression','Unicode_Compression') NOT NULL DEFAULT 'Default_No_Compression',
  `UDH` text,
  `Class` int(11) DEFAULT '-1',
  `TextDecoded` text NOT NULL,
  `ID` int(10) unsigned NOT NULL AUTO_INCREMENT,
  `MultiPart` enum('false','true') DEFAULT 'false',
  `RelativeValidity` int(11) DEFAULT '-1',
  `SenderID` varchar(255) DEFAULT NULL,
  `SendingTimeOut` timestamp NULL DEFAULT '0000-00-00 00:00:00',
  `DeliveryReport` enum('default','yes','no') DEFAULT 'default',
  `CreatorID` text NOT NULL,
  `Retries` int(3) DEFAULT '0',
  `Priority` int(11) DEFAULT '0',
  PRIMARY KEY (`ID`),
  KEY `outbox_date` (`SendingDateTime`,`SendingTimeOut`),
  KEY `outbox_sender` (`SenderID`(250))
) ENGINE=MyISAM AUTO_INCREMENT=1466 DEFAULT CHARSET=utf8mb4;

-- Dumping data for table aloma_go.outbox: 0 rows
/*!40000 ALTER TABLE `outbox` DISABLE KEYS */;
/*!40000 ALTER TABLE `outbox` ENABLE KEYS */;

-- Dumping structure for table aloma_go.outbox_multipart
CREATE TABLE IF NOT EXISTS `outbox_multipart` (
  `Text` text,
  `Coding` enum('Default_No_Compression','Unicode_No_Compression','8bit','Default_Compression','Unicode_Compression') NOT NULL DEFAULT 'Default_No_Compression',
  `UDH` text,
  `Class` int(11) DEFAULT '-1',
  `TextDecoded` text,
  `ID` int(10) unsigned NOT NULL DEFAULT '0',
  `SequencePosition` int(11) NOT NULL DEFAULT '1',
  PRIMARY KEY (`ID`,`SequencePosition`)
) ENGINE=MyISAM DEFAULT CHARSET=utf8mb4;

-- Dumping data for table aloma_go.outbox_multipart: 0 rows
/*!40000 ALTER TABLE `outbox_multipart` DISABLE KEYS */;
/*!40000 ALTER TABLE `outbox_multipart` ENABLE KEYS */;

-- Dumping structure for table aloma_go.pbk
CREATE TABLE IF NOT EXISTS `pbk` (
  `ID` int(11) NOT NULL AUTO_INCREMENT,
  `GroupID` int(11) NOT NULL DEFAULT '-1',
  `Name` text NOT NULL,
  `Number` text NOT NULL,
  PRIMARY KEY (`ID`)
) ENGINE=MyISAM AUTO_INCREMENT=15 DEFAULT CHARSET=utf8;

-- Dumping data for table aloma_go.pbk: 1 rows
/*!40000 ALTER TABLE `pbk` DISABLE KEYS */;
INSERT INTO `pbk` (`ID`, `GroupID`, `Name`, `Number`) VALUES
	(14, 0, 'beni', '+6281556617741');
/*!40000 ALTER TABLE `pbk` ENABLE KEYS */;

-- Dumping structure for table aloma_go.pbk_groups
CREATE TABLE IF NOT EXISTS `pbk_groups` (
  `Name` text NOT NULL,
  `ID` int(11) NOT NULL AUTO_INCREMENT,
  PRIMARY KEY (`ID`)
) ENGINE=MyISAM AUTO_INCREMENT=9 DEFAULT CHARSET=utf8;

-- Dumping data for table aloma_go.pbk_groups: 3 rows
/*!40000 ALTER TABLE `pbk_groups` DISABLE KEYS */;
INSERT INTO `pbk_groups` (`Name`, `ID`) VALUES
	('Teman', 7),
	('Keluarga', 6),
	('Kantor', 8);
/*!40000 ALTER TABLE `pbk_groups` ENABLE KEYS */;

-- Dumping structure for table aloma_go.phones
CREATE TABLE IF NOT EXISTS `phones` (
  `ID` text NOT NULL,
  `UpdatedInDB` timestamp NOT NULL DEFAULT CURRENT_TIMESTAMP ON UPDATE CURRENT_TIMESTAMP,
  `InsertIntoDB` timestamp NOT NULL DEFAULT '0000-00-00 00:00:00',
  `TimeOut` timestamp NOT NULL DEFAULT '0000-00-00 00:00:00',
  `Send` enum('yes','no') NOT NULL DEFAULT 'no',
  `Receive` enum('yes','no') NOT NULL DEFAULT 'no',
  `IMEI` varchar(35) NOT NULL,
  `Client` text NOT NULL,
  `Battery` int(11) NOT NULL DEFAULT '-1',
  `Signal` int(11) NOT NULL DEFAULT '1',
  `Sent` int(11) NOT NULL DEFAULT '0',
  `Received` int(11) NOT NULL DEFAULT '0',
  PRIMARY KEY (`IMEI`)
) ENGINE=MyISAM DEFAULT CHARSET=utf8;

-- Dumping data for table aloma_go.phones: 7 rows
/*!40000 ALTER TABLE `phones` DISABLE KEYS */;
INSERT INTO `phones` (`ID`, `UpdatedInDB`, `InsertIntoDB`, `TimeOut`, `Send`, `Receive`, `IMEI`, `Client`, `Battery`, `Signal`, `Sent`, `Received`) VALUES
	('Phone1', '2016-09-27 11:41:00', '2014-03-14 13:33:04', '2014-03-14 18:05:34', 'yes', 'yes', '510098851371623', 'Gammu 1.32.0, Windows Server 2007 SP1, GCC 4.7, MinGW 3.11', 100, 63, 33, 8),
	('', '2017-07-14 18:28:03', '2017-07-14 10:44:03', '2017-07-14 18:28:13', 'yes', 'yes', '350960684555734', 'Gammu 1.33.0, Linux, kernel 4.4.0-80-generic (#101~14.04.1-Ubuntu SMP Fri Jun 9 16:31:42 UTC 2017), GCC 4.8', 0, 51, 0, 3),
	('m3', '2017-08-30 19:13:02', '2017-08-30 17:12:55', '2017-08-30 19:13:12', 'yes', 'yes', '353167001661909', 'Gammu 1.33.0, Linux, kernel 4.4.0-92-generic (#115~14.04.1-Ubuntu SMP Thu Aug 10 15:06:53 UTC 2017), GCC 4.8', 0, 60, 1, 1),
	('xltransfer', '2017-09-12 14:40:14', '2017-09-12 10:08:57', '2017-09-12 14:40:24', 'yes', 'yes', '353167001657568', 'Gammu 1.33.0, Linux, kernel 4.4.0-93-generic (#116~14.04.1-Ubuntu SMP Mon Aug 14 16:07:05 UTC 2017), GCC 4.8', 0, 63, 10, 0),
	('telkomsel', '2017-09-12 14:40:16', '2017-09-12 10:08:03', '2017-09-12 14:40:26', 'yes', 'yes', '354056000639124', 'Gammu 1.33.0, Linux, kernel 4.4.0-93-generic (#116~14.04.1-Ubuntu SMP Mon Aug 14 16:07:05 UTC 2017), GCC 4.8', 0, 75, 0, 0),
	('xl', '2017-09-12 14:40:22', '2017-09-12 10:08:30', '2017-09-12 14:40:32', 'yes', 'yes', '353167001689009', 'Gammu 1.33.0, Linux, kernel 4.4.0-93-generic (#116~14.04.1-Ubuntu SMP Mon Aug 14 16:07:05 UTC 2017), GCC 4.8', 0, 100, 0, 1),
	('3', '2017-09-12 14:40:09', '2017-09-12 11:16:01', '2017-09-12 14:40:19', 'yes', 'yes', '354056000118137', 'Gammu 1.33.0, Linux, kernel 4.4.0-93-generic (#116~14.04.1-Ubuntu SMP Mon Aug 14 16:07:05 UTC 2017), GCC 4.8', 0, 60, 1, 7);
/*!40000 ALTER TABLE `phones` ENABLE KEYS */;

-- Dumping structure for table aloma_go.sentitems
CREATE TABLE IF NOT EXISTS `sentitems` (
  `UpdatedInDB` timestamp NOT NULL DEFAULT CURRENT_TIMESTAMP ON UPDATE CURRENT_TIMESTAMP,
  `InsertIntoDB` timestamp NOT NULL DEFAULT '0000-00-00 00:00:00',
  `SendingDateTime` timestamp NOT NULL DEFAULT '0000-00-00 00:00:00',
  `DeliveryDateTime` timestamp NULL DEFAULT NULL,
  `Text` text NOT NULL,
  `DestinationNumber` varchar(20) NOT NULL DEFAULT '',
  `Coding` enum('Default_No_Compression','Unicode_No_Compression','8bit','Default_Compression','Unicode_Compression') NOT NULL DEFAULT 'Default_No_Compression',
  `UDH` text NOT NULL,
  `SMSCNumber` varchar(20) NOT NULL DEFAULT '',
  `Class` int(11) NOT NULL DEFAULT '-1',
  `TextDecoded` text NOT NULL,
  `ID` int(10) unsigned NOT NULL DEFAULT '0',
  `SenderID` varchar(255) NOT NULL,
  `SequencePosition` int(11) NOT NULL DEFAULT '1',
  `Status` enum('SendingOK','SendingOKNoReport','SendingError','DeliveryOK','DeliveryFailed','DeliveryPending','DeliveryUnknown','Error') NOT NULL DEFAULT 'SendingOK',
  `StatusError` int(11) NOT NULL DEFAULT '-1',
  `TPMR` int(11) NOT NULL DEFAULT '-1',
  `RelativeValidity` int(11) NOT NULL DEFAULT '-1',
  `CreatorID` text NOT NULL,
  PRIMARY KEY (`ID`,`SequencePosition`),
  KEY `sentitems_date` (`DeliveryDateTime`),
  KEY `sentitems_tpmr` (`TPMR`),
  KEY `sentitems_dest` (`DestinationNumber`),
  KEY `sentitems_sender` (`SenderID`(250))
) ENGINE=MyISAM DEFAULT CHARSET=utf8mb4;

-- Dumping data for table aloma_go.sentitems: 32 rows
/*!40000 ALTER TABLE `sentitems` DISABLE KEYS */;
INSERT INTO `sentitems` (`UpdatedInDB`, `InsertIntoDB`, `SendingDateTime`, `DeliveryDateTime`, `Text`, `DestinationNumber`, `Coding`, `UDH`, `SMSCNumber`, `Class`, `TextDecoded`, `ID`, `SenderID`, `SequencePosition`, `Status`, `StatusError`, `TPMR`, `RelativeValidity`, `CreatorID`) VALUES
	('2017-09-12 12:25:11', '0000-00-00 00:00:00', '2017-09-12 12:25:11', NULL, '0035003000300030002A003000380031003500350036003600310037003700340031', '087859637999', 'Default_No_Compression', '', '+62818445009', -1, '5000*081556617741', 1465, 'xltransfer', 1, 'SendingOKNoReport', -1, 25, 255, 'xltransfer'),
	('2017-09-12 12:19:18', '0000-00-00 00:00:00', '2017-09-12 12:19:18', NULL, '002A', '087859637999', 'Default_No_Compression', '', '+62818445009', -1, '*', 1459, 'xltransfer', 1, 'SendingOKNoReport', -1, 18, 255, 'xltransfer'),
	('2017-09-12 12:19:20', '0000-00-00 00:00:00', '2017-09-12 12:19:20', NULL, '002A', '087859637999', 'Default_No_Compression', '', '+62818445009', -1, '*', 1458, 'xltransfer', 1, 'SendingOKNoReport', -1, 19, 255, 'xltransfer'),
	('2017-09-12 12:20:54', '0000-00-00 00:00:00', '2017-09-12 12:20:54', NULL, '002A', '087859637999', 'Default_No_Compression', '', '+62818445009', -1, '*', 1461, 'xltransfer', 1, 'SendingOKNoReport', -1, 20, 255, 'xltransfer'),
	('2017-09-12 12:20:57', '0000-00-00 00:00:00', '2017-09-12 12:20:57', NULL, '002A', '087859637999', 'Default_No_Compression', '', '+62818445009', -1, '*', 1460, 'xltransfer', 1, 'SendingOKNoReport', -1, 21, 255, 'xltransfer'),
	('2017-09-12 12:22:31', '0000-00-00 00:00:00', '2017-09-12 12:22:31', NULL, '002A', '087859637999', 'Default_No_Compression', '', '+62818445009', -1, '*', 1464, 'xltransfer', 1, 'SendingOKNoReport', -1, 22, 255, 'xltransfer'),
	('2017-09-12 12:22:34', '0000-00-00 00:00:00', '2017-09-12 12:22:34', NULL, '002A', '087859637999', 'Default_No_Compression', '', '+62818445009', -1, '*', 1463, 'xltransfer', 1, 'SendingOKNoReport', -1, 23, 255, 'xltransfer'),
	('2017-09-12 12:22:37', '0000-00-00 00:00:00', '2017-09-12 12:22:37', NULL, '002A', '087859637999', 'Default_No_Compression', '', '+62818445009', -1, '*', 1462, 'xltransfer', 1, 'SendingOKNoReport', -1, 24, 255, 'xltransfer'),
	('2017-09-12 12:17:13', '0000-00-00 00:00:00', '2017-09-12 12:17:13', NULL, '002A', '087859637999', 'Default_No_Compression', '', '+62818445009', -1, '*', 1457, 'xltransfer', 1, 'SendingOKNoReport', -1, 17, 255, 'xltransfer'),
	('2017-09-12 11:16:04', '0000-00-00 00:00:00', '2017-09-12 11:16:04', NULL, '004E006F006D006F007200200054006800720065006500200041004C006F006D0061', '081556617741', 'Default_No_Compression', '', '+6289644000001', -1, 'Nomor Three ALoma', 1456, '3', 1, 'SendingError', -1, -1, 255, '3'),
	('2017-09-12 11:13:05', '0000-00-00 00:00:00', '2017-09-12 11:13:05', NULL, '004E006F006D006F007200200054004800720065006500200041004C006F006D0061', '081556617741', 'Default_No_Compression', '', '+62818445009', -1, 'Nomor THree ALoma', 1455, 'xltransfer', 1, 'SendingOKNoReport', -1, 16, 255, ''),
	('2017-08-29 15:50:20', '0000-00-00 00:00:00', '2017-08-29 15:50:20', NULL, '0059', '168', 'Default_No_Compression', '', '+62818445009', -1, 'Y', 1449, 'xl', 1, 'SendingOKNoReport', -1, 5, 255, 'xl'),
	('2017-08-30 17:12:58', '0000-00-00 00:00:00', '2017-08-30 17:12:58', NULL, '005400520041004E005300460045005200500055004C00530041002000300038003500370034003900360030003500390036003500200035003000300030', '151', 'Default_No_Compression', '', '+62816124', -1, 'TRANSFERPULSA 085749605965 5000', 1450, 'm3', 1, 'SendingOKNoReport', -1, 4, 255, 'm3'),
	('2017-08-29 15:47:41', '0000-00-00 00:00:00', '2017-08-29 15:47:41', NULL, '0042004100470049002000300038003100390033003900320039003200360030003100200032003000300030', '168', 'Default_No_Compression', '', '+62818445009', -1, 'BAGI 081939292601 2000', 1447, 'xl', 1, 'SendingOKNoReport', -1, 3, 255, 'xl'),
	('2017-08-29 15:49:15', '0000-00-00 00:00:00', '2017-08-29 15:49:15', NULL, '0042004100470049002000300038003100390033003900320039003200360030003200200032003000300030', '168', 'Default_No_Compression', '', '+62818445009', -1, 'BAGI 081939292602 2000', 1448, 'xl', 1, 'SendingOKNoReport', -1, 4, 255, 'xl'),
	('2017-08-29 15:40:29', '0000-00-00 00:00:00', '2017-08-29 15:40:29', NULL, '004F006B00200064006200370037', '151', 'Default_No_Compression', '', '+62816124', -1, 'Ok db77', 1446, 'm3', 1, 'SendingOKNoReport', -1, 3, 255, 'm3'),
	('2017-08-29 14:11:51', '0000-00-00 00:00:00', '2017-08-29 14:11:51', NULL, '005400500055004C0053004100200035003000300030', '081333662055', 'Default_No_Compression', '', '+6281100000', -1, 'TPULSA 5000', 1444, 'telkomsel', 1, 'SendingOKNoReport', -1, 10, 255, 'telkomsel'),
	('2017-08-29 14:12:22', '0000-00-00 00:00:00', '2017-08-29 14:12:22', NULL, '00590041', '858', 'Default_No_Compression', '', '+62818445009', -1, 'YA', 1445, 'xl', 1, 'SendingError', -1, -1, 255, ''),
	('2017-08-29 14:06:34', '0000-00-00 00:00:00', '2017-08-29 14:06:34', NULL, '005400500055004C0053004100200035003000300030', '081333662055', 'Default_No_Compression', '', '+6281100000', -1, 'TPULSA 5000', 1443, 'telkomsel', 1, 'SendingOKNoReport', -1, 9, 255, 'telkomsel'),
	('2017-08-29 11:17:33', '0000-00-00 00:00:00', '2017-08-29 11:17:33', NULL, '0049004B0049002000530045004E0047002000540045004C004B004F004D00530045004C', '081333662055', 'Default_No_Compression', '', '+6281100000', -1, 'IKI SENG TELKOMSEL', 1439, 'telkomsel', 1, 'SendingOKNoReport', -1, 8, 255, 'telkomsel'),
	('2017-08-29 11:24:15', '0000-00-00 00:00:00', '2017-08-29 11:24:15', NULL, '0049004B0049002000530045004E004700200049004E0044004F005300410054', '081333662055', 'Default_No_Compression', '', '+62816124', -1, 'IKI SENG INDOSAT', 1440, 'm3', 1, 'SendingError', -1, -1, 255, ''),
	('2017-08-29 11:27:29', '0000-00-00 00:00:00', '2017-08-29 11:27:29', NULL, '0074006500730074', '081556617741', 'Default_No_Compression', '', '+62816124', -1, 'test', 1442, 'm3', 1, 'SendingError', -1, -1, 255, 'm3'),
	('2017-08-29 11:28:12', '0000-00-00 00:00:00', '2017-08-29 11:28:12', NULL, '0054004500530054', '081556617741', 'Default_No_Compression', '', '+62816124', -1, 'TEST', 1441, 'm3', 1, 'SendingError', -1, -1, 255, 'm3'),
	('2017-08-29 11:06:55', '0000-00-00 00:00:00', '2017-08-29 11:06:55', NULL, '00590041', '858', 'Default_No_Compression', '', '+6281100000', -1, 'YA', 1436, 'telkomsel', 1, 'SendingOKNoReport', -1, 6, 255, 'telkomsel'),
	('2017-08-29 11:15:29', '0000-00-00 00:00:00', '2017-08-29 11:15:29', NULL, '0049004B00490020004E004F004D0045005200200045002000460041', '081333662055', 'Default_No_Compression', '', '+6281100000', -1, 'IKI NOMER E FA', 1437, 'telkomsel', 1, 'SendingOKNoReport', -1, 7, 255, ''),
	('2017-08-29 11:16:47', '0000-00-00 00:00:00', '2017-08-29 11:16:47', NULL, '005400520041004E005300460045005200500055004C00530041002000300038003100350035003600360031003700370034003100200031003900300030', '151', 'Default_No_Compression', '', '+62816124', -1, 'TRANSFERPULSA 081556617741 1900', 1432, 'm3', 1, 'SendingError', -1, -1, 255, 'm3'),
	('2017-08-29 11:17:31', '0000-00-00 00:00:00', '2017-08-29 11:17:31', NULL, '0049004B0049002000530045004E004700200049004E0044004F005300410054', '081333662055', 'Default_No_Compression', '', '+62816124', -1, 'IKI SENG INDOSAT', 1438, 'm3', 1, 'SendingError', -1, -1, 255, 'm3'),
	('2017-08-29 10:57:16', '0000-00-00 00:00:00', '2017-08-29 10:57:16', NULL, '00590041', '858', 'Default_No_Compression', '', '+6281100000', -1, 'YA', 1434, 'telkomsel', 1, 'SendingOKNoReport', -1, 4, 255, 'telkomsel'),
	('2017-08-29 11:05:51', '0000-00-00 00:00:00', '2017-08-29 11:05:51', NULL, '005400500055004C0053004100200035003000300030', '081333662055', 'Default_No_Compression', '', '+6281100000', -1, 'TPULSA 5000', 1435, 'telkomsel', 1, 'SendingOKNoReport', -1, 5, 255, 'telkomsel'),
	('2017-08-29 10:53:41', '0000-00-00 00:00:00', '2017-08-29 10:53:41', NULL, '005400500055004C0053004100200032003000300030', '081333662055', 'Default_No_Compression', '', '+6281100000', -1, 'TPULSA 2000', 1433, 'telkomsel', 1, 'SendingOKNoReport', -1, 3, 255, 'telkomsel'),
	('2017-08-25 14:22:46', '0000-00-00 00:00:00', '2017-08-25 14:22:46', NULL, '00480069002C00200054006800690073002000460072006F006D00200049006D0033', '081556617741', 'Default_No_Compression', '', '+62816124', -1, 'Hi, This From Im3', 1429, 'm3', 1, 'SendingOKNoReport', -1, 1, 255, 'm3'),
	('2017-08-25 14:23:08', '0000-00-00 00:00:00', '2017-08-25 14:23:08', NULL, '00480069002C00200054006800690073002000460072006F006D002000540065006C006B006F006D00730065006C', '081556617741', 'Default_No_Compression', '', '+6281100000', -1, 'Hi, This From Telkomsel', 1428, 'telkomsel', 1, 'SendingOKNoReport', -1, 2, 255, 'telkomsel');
/*!40000 ALTER TABLE `sentitems` ENABLE KEYS */;

-- Dumping structure for table aloma_go.transfer_pulsa
CREATE TABLE IF NOT EXISTS `transfer_pulsa` (
  `id` int(11) NOT NULL AUTO_INCREMENT,
  `id_user` int(11) DEFAULT '0',
  `nomer_tujuan` varchar(15) DEFAULT NULL,
  `nominal` int(11) DEFAULT NULL,
  `tanggal_waktu` datetime DEFAULT NULL,
  PRIMARY KEY (`id`)
) ENGINE=InnoDB DEFAULT CHARSET=latin1;

-- Dumping data for table aloma_go.transfer_pulsa: ~0 rows (approximately)
/*!40000 ALTER TABLE `transfer_pulsa` DISABLE KEYS */;
/*!40000 ALTER TABLE `transfer_pulsa` ENABLE KEYS */;

-- Dumping structure for table aloma_go.tukar_pulsa
CREATE TABLE IF NOT EXISTS `tukar_pulsa` (
  `id` int(11) NOT NULL AUTO_INCREMENT,
  `id_user` int(11) DEFAULT '0',
  `nomer_rekening` varchar(30) DEFAULT NULL,
  `bank` varchar(50) DEFAULT NULL,
  `nominal` int(11) DEFAULT NULL,
  `tanggal_waktu` datetime DEFAULT NULL,
  PRIMARY KEY (`id`)
) ENGINE=InnoDB DEFAULT CHARSET=latin1;

-- Dumping data for table aloma_go.tukar_pulsa: ~0 rows (approximately)
/*!40000 ALTER TABLE `tukar_pulsa` DISABLE KEYS */;
/*!40000 ALTER TABLE `tukar_pulsa` ENABLE KEYS */;

-- Dumping structure for table aloma_go.t_transfer_pulsa
CREATE TABLE IF NOT EXISTS `t_transfer_pulsa` (
  `id` int(11) NOT NULL AUTO_INCREMENT,
  `nomor_pengirim` varchar(50) DEFAULT NULL,
  `nomor_tujuan` varchar(50) DEFAULT NULL,
  `denominasi` varchar(50) DEFAULT NULL,
  `total_pulsa_transfer` varchar(50) DEFAULT NULL,
  `verifikasi` enum('Y','N') DEFAULT 'N',
  `sent` enum('Y','N') DEFAULT 'N',
  `tanggal` datetime DEFAULT NULL,
  PRIMARY KEY (`id`)
) ENGINE=InnoDB AUTO_INCREMENT=24 DEFAULT CHARSET=latin1;

-- Dumping data for table aloma_go.t_transfer_pulsa: ~7 rows (approximately)
/*!40000 ALTER TABLE `t_transfer_pulsa` DISABLE KEYS */;
INSERT INTO `t_transfer_pulsa` (`id`, `nomor_pengirim`, `nomor_tujuan`, `denominasi`, `total_pulsa_transfer`, `verifikasi`, `sent`, `tanggal`) VALUES
	(6, '085941020493', '081556617741', '5000', '8500', 'N', 'N', NULL),
	(7, '085941020493', '081556617741', '5000', '8500', 'N', 'N', NULL),
	(8, '0895399468386', '081556617741', '5000', '7000', 'N', 'N', NULL),
	(9, '0895399468386', '081556617741', '5000', '7000', 'N', 'N', NULL),
	(10, '0895399468386', '081556617741', '5000', '7000', 'N', 'N', NULL),
	(11, '085941020493', '081556617741', '5000', '7000', 'Y', 'N', NULL),
	(23, NULL, NULL, NULL, NULL, 'N', 'Y', NULL);
/*!40000 ALTER TABLE `t_transfer_pulsa` ENABLE KEYS */;

-- Dumping structure for table aloma_go.user
CREATE TABLE IF NOT EXISTS `user` (
  `id` int(11) NOT NULL AUTO_INCREMENT,
  `nama` varchar(30) DEFAULT NULL,
  `pin` varchar(15) DEFAULT NULL,
  `foto` varchar(255) DEFAULT NULL,
  `token` varchar(50) DEFAULT NULL,
  `terdaftar` datetime DEFAULT NULL,
  PRIMARY KEY (`id`)
) ENGINE=InnoDB DEFAULT CHARSET=latin1;

-- Dumping data for table aloma_go.user: ~0 rows (approximately)
/*!40000 ALTER TABLE `user` DISABLE KEYS */;
/*!40000 ALTER TABLE `user` ENABLE KEYS */;

-- Dumping structure for table aloma_go.warung_bpjs
CREATE TABLE IF NOT EXISTS `warung_bpjs` (
  `id` int(11) NOT NULL AUTO_INCREMENT,
  `id_user` int(11) NOT NULL DEFAULT '0',
  `id_bpjs` varchar(30) NOT NULL DEFAULT '0',
  `no_hp` varchar(15) NOT NULL DEFAULT '0',
  `total_pembayaran` int(11) NOT NULL DEFAULT '0',
  `tanggal_waktu` datetime NOT NULL,
  PRIMARY KEY (`id`)
) ENGINE=InnoDB DEFAULT CHARSET=latin1;

-- Dumping data for table aloma_go.warung_bpjs: ~0 rows (approximately)
/*!40000 ALTER TABLE `warung_bpjs` DISABLE KEYS */;
/*!40000 ALTER TABLE `warung_bpjs` ENABLE KEYS */;

-- Dumping structure for table aloma_go.warung_pln
CREATE TABLE IF NOT EXISTS `warung_pln` (
  `id` int(11) NOT NULL AUTO_INCREMENT,
  `id_user` int(11) NOT NULL DEFAULT '0',
  `id_pelanggan` varchar(30) NOT NULL DEFAULT '0',
  `nominal` int(11) NOT NULL DEFAULT '0',
  `tanggal_waktu` datetime NOT NULL,
  PRIMARY KEY (`id`)
) ENGINE=InnoDB DEFAULT CHARSET=latin1;

-- Dumping data for table aloma_go.warung_pln: ~0 rows (approximately)
/*!40000 ALTER TABLE `warung_pln` DISABLE KEYS */;
/*!40000 ALTER TABLE `warung_pln` ENABLE KEYS */;

-- Dumping structure for table aloma_go.warung_pulsa
CREATE TABLE IF NOT EXISTS `warung_pulsa` (
  `id` int(11) NOT NULL AUTO_INCREMENT,
  `id_user` int(11) DEFAULT '0',
  `nomer_tujuan` varchar(15) DEFAULT NULL,
  `tipe` enum('Paket','Pulsa') DEFAULT NULL,
  `nominal` int(11) DEFAULT '0',
  `tanggal_waktu` datetime DEFAULT NULL,
  PRIMARY KEY (`id`)
) ENGINE=InnoDB AUTO_INCREMENT=9 DEFAULT CHARSET=latin1;

-- Dumping data for table aloma_go.warung_pulsa: ~8 rows (approximately)
/*!40000 ALTER TABLE `warung_pulsa` DISABLE KEYS */;
INSERT INTO `warung_pulsa` (`id`, `id_user`, `nomer_tujuan`, `tipe`, `nominal`, `tanggal_waktu`) VALUES
	(1, 123, '123', 'Pulsa', 123456, '2017-07-13 03:54:29'),
	(2, 123, '123', 'Pulsa', 123456, '2017-07-13 03:54:34'),
	(3, 123, '123', 'Pulsa', 123456, '2017-07-13 04:15:54'),
	(4, 123, '123', 'Pulsa', 123456, '2017-07-13 04:26:32'),
	(5, 123, '123', 'Pulsa', 123456, '2017-07-13 04:26:36'),
	(6, 123, '123', 'Pulsa', 123456, '2017-07-13 04:26:39'),
	(7, 123, '123', 'Pulsa', 123456, '2017-07-13 04:34:26'),
	(8, 123, '123', 'Pulsa', 123456, '2017-07-13 04:39:18');
/*!40000 ALTER TABLE `warung_pulsa` ENABLE KEYS */;

-- Dumping structure for trigger aloma_go.phones_timestamp
SET @OLDTMP_SQL_MODE=@@SQL_MODE, SQL_MODE='NO_AUTO_VALUE_ON_ZERO';
DELIMITER //
CREATE TRIGGER `phones_timestamp` BEFORE INSERT ON `phones` FOR EACH ROW BEGIN

    IF NEW.InsertIntoDB = '0000-00-00 00:00:00' THEN

        SET NEW.InsertIntoDB = CURRENT_TIMESTAMP();

    END IF;

    IF NEW.TimeOut = '0000-00-00 00:00:00' THEN

        SET NEW.TimeOut = CURRENT_TIMESTAMP();

    END IF;

END//
DELIMITER ;
SET SQL_MODE=@OLDTMP_SQL_MODE;

-- Dumping structure for trigger aloma_go.userFotoNull
SET @OLDTMP_SQL_MODE=@@SQL_MODE, SQL_MODE='NO_AUTO_VALUE_ON_ZERO';
DELIMITER //
CREATE TRIGGER `userFotoNull` BEFORE INSERT ON `user` FOR EACH ROW BEGIN
    IF NEW.foto = null OR NEW.foto = 'null' OR NEW.foto = '' THEN

        SET NEW.foto = "http://s3.amazonaws.com/37assets/svn/765-default-avatar.png";

    END IF;
END//
DELIMITER ;
SET SQL_MODE=@OLDTMP_SQL_MODE;

/*!40101 SET SQL_MODE=IFNULL(@OLD_SQL_MODE, '') */;
/*!40014 SET FOREIGN_KEY_CHECKS=IF(@OLD_FOREIGN_KEY_CHECKS IS NULL, 1, @OLD_FOREIGN_KEY_CHECKS) */;
/*!40101 SET CHARACTER_SET_CLIENT=@OLD_CHARACTER_SET_CLIENT */;
